-- phpMyAdmin SQL Dump
-- version 3.5.1
-- http://www.phpmyadmin.net
--
-- Хост: 127.0.0.1
-- Время создания: Мар 17 2013 г., 08:45
-- Версия сервера: 5.5.25
-- Версия PHP: 5.2.12

SET SQL_MODE="NO_AUTO_VALUE_ON_ZERO";
SET time_zone = "+00:00";


/*!40101 SET @OLD_CHARACTER_SET_CLIENT=@@CHARACTER_SET_CLIENT */;
/*!40101 SET @OLD_CHARACTER_SET_RESULTS=@@CHARACTER_SET_RESULTS */;
/*!40101 SET @OLD_COLLATION_CONNECTION=@@COLLATION_CONNECTION */;
/*!40101 SET NAMES utf8 */;

--
-- База данных: `surveys`
--

-- --------------------------------------------------------

--
-- Структура таблицы `answers`
--

CREATE TABLE IF NOT EXISTS `answers` (
  `id` int(11) NOT NULL AUTO_INCREMENT,
  `id_of_question` int(11) NOT NULL,
  `answer` text NOT NULL,
  `id_of_prof` int(11) NOT NULL,
  `lect_or_pract` int(11) NOT NULL,
  `who` int(11) NOT NULL,
  PRIMARY KEY (`id`)
) ENGINE=InnoDB  DEFAULT CHARSET=utf8 AUTO_INCREMENT=757 ;

--
-- Дамп данных таблицы `answers`
--

INSERT INTO `answers` (`id`, `id_of_question`, `answer`, `id_of_prof`, `lect_or_pract`, `who`) VALUES
(138, 18, '28', 1, 0, 2),
(139, 19, '31', 1, 0, 2),
(140, 20, '37', 1, 0, 2),
(141, 21, '42', 1, 0, 2),
(142, 22, '47', 1, 0, 2),
(143, 24, '57', 1, 0, 2),
(144, 26, '63', 1, 0, 2),
(145, 27, '', 1, 0, 2),
(146, 28, '69', 1, 0, 2),
(147, 29, '71', 1, 0, 2),
(148, 18, '27', 2, 1, 2),
(149, 19, '34', 2, 1, 2),
(150, 20, '38', 2, 1, 2),
(151, 21, '41', 2, 1, 2),
(152, 22, '47', 2, 1, 2),
(153, 23, '53', 2, 1, 2),
(154, 25, '60', 2, 1, 2),
(155, 26, '63', 2, 1, 2),
(156, 27, '', 2, 1, 2),
(157, 28, '69', 2, 1, 2),
(158, 18, '27', 1, 0, 3),
(159, 19, '32', 1, 0, 3),
(160, 20, '37', 1, 0, 3),
(161, 21, '42', 1, 0, 3),
(162, 22, '48', 1, 0, 3),
(163, 24, '57', 1, 0, 3),
(164, 26, '64', 1, 0, 3),
(165, 27, '', 1, 0, 3),
(166, 28, '68', 1, 0, 3),
(167, 29, '72', 1, 0, 3),
(168, 18, '27', 1, 1, 3),
(169, 19, '33', 1, 1, 3),
(170, 20, '37', 1, 1, 3),
(171, 21, '41', 1, 1, 3),
(172, 22, '47', 1, 1, 3),
(173, 23, '54', 1, 1, 3),
(174, 25, '60', 1, 1, 3),
(175, 26, '65', 1, 1, 3),
(176, 27, '', 1, 1, 3),
(177, 28, '68', 1, 1, 3),
(178, 18, '28', 1, 0, 4),
(179, 19, '34', 1, 0, 4),
(180, 20, '39', 1, 0, 4),
(181, 21, '43', 1, 0, 4),
(182, 22, '48', 1, 0, 4),
(183, 24, '57', 1, 0, 4),
(184, 26, '62', 1, 0, 4),
(185, 27, '', 1, 0, 4),
(186, 28, '69', 1, 0, 4),
(187, 29, '72', 1, 0, 4),
(188, 18, '28', 2, 1, 4),
(189, 19, '34', 2, 1, 4),
(190, 20, '38', 2, 1, 4),
(191, 21, '42', 2, 1, 4),
(192, 22, '47', 2, 1, 4),
(193, 23, '53', 2, 1, 4),
(194, 25, '60', 2, 1, 4),
(195, 26, '63', 2, 1, 4),
(196, 27, '', 2, 1, 4),
(197, 28, '69', 2, 1, 4),
(198, 18, '27', 1, 0, 5),
(199, 19, '34', 1, 0, 5),
(200, 20, '38', 1, 0, 5),
(201, 21, '42', 1, 0, 5),
(202, 22, '47', 1, 0, 5),
(203, 24, '57', 1, 0, 5),
(204, 26, '63', 1, 0, 5),
(205, 27, 'Теоретический и практический курс плохо сопоставимы в плане обучения, это доставляет массу проблем!', 1, 0, 5),
(206, 28, '69', 1, 0, 5),
(207, 29, '73', 1, 0, 5),
(208, 18, '28', 2, 1, 5),
(209, 19, '35', 2, 1, 5),
(210, 20, '39', 2, 1, 5),
(211, 21, '42', 2, 1, 5),
(212, 22, '47', 2, 1, 5),
(213, 23, '53', 2, 1, 5),
(214, 25, '60', 2, 1, 5),
(215, 26, '62', 2, 1, 5),
(216, 27, 'Поактивнее хотелось бы, чтобы проводились лекции.', 2, 1, 5),
(217, 28, '69', 2, 1, 5),
(218, 18, '29', 1, 0, 6),
(219, 19, '34', 1, 0, 6),
(220, 20, '38', 1, 0, 6),
(221, 21, '44', 1, 0, 6),
(222, 22, '48', 1, 0, 6),
(223, 24, '57', 1, 0, 6),
(224, 26, '62', 1, 0, 6),
(225, 27, '', 1, 0, 6),
(226, 28, '69', 1, 0, 6),
(227, 29, '71', 1, 0, 6),
(228, 18, '28', 2, 1, 6),
(229, 19, '33', 2, 1, 6),
(230, 20, '36', 2, 1, 6),
(231, 21, '42', 2, 1, 6),
(232, 22, '47', 2, 1, 6),
(233, 23, '52', 2, 1, 6),
(234, 25, '60', 2, 1, 6),
(235, 26, '63', 2, 1, 6),
(236, 27, '', 2, 1, 6),
(237, 28, '69', 2, 1, 6),
(238, 18, '27', 1, 0, 7),
(239, 19, '33', 1, 0, 7),
(240, 20, '38', 1, 0, 7),
(241, 21, '44', 1, 0, 7),
(242, 22, '47', 1, 0, 7),
(243, 24, '56', 1, 0, 7),
(244, 26, '62', 1, 0, 7),
(245, 27, 'Копирует коды с алголиста и не исправляет ошибки. Индиффирентный к студентам. Незаинтересованный. А курс так-то интересный. ', 1, 0, 7),
(246, 28, '69', 1, 0, 7),
(247, 29, '72', 1, 0, 7),
(248, 18, '27', 2, 1, 7),
(249, 19, '34', 2, 1, 7),
(250, 20, '37', 2, 1, 7),
(251, 21, '41', 2, 1, 7),
(252, 22, '46', 2, 1, 7),
(253, 23, '53', 2, 1, 7),
(254, 25, '58', 2, 1, 7),
(255, 26, '63', 2, 1, 7),
(256, 27, 'Милый', 2, 1, 7),
(257, 28, '69', 2, 1, 7),
(258, 18, '29', 1, 0, 8),
(259, 19, '33', 1, 0, 8),
(260, 20, '40', 1, 0, 8),
(261, 21, '42', 1, 0, 8),
(262, 22, '48', 1, 0, 8),
(263, 24, '57', 1, 0, 8),
(264, 26, '63', 1, 0, 8),
(265, 27, 'Некоторый материал трудно усвоить на лекциях. поэтому было бы очень хорошо, если бы Виктор Алексеевич отправлял нам файлы презентаций, которые он показывает на парах. Но, к сожалению, он отказывается нам их высылать.', 1, 0, 8),
(266, 28, '69', 1, 0, 8),
(267, 29, '70', 1, 0, 8),
(268, 18, '27', 2, 1, 8),
(269, 19, '35', 2, 1, 8),
(270, 20, '37', 2, 1, 8),
(271, 21, '41', 2, 1, 8),
(272, 22, '46', 2, 1, 8),
(273, 23, '52', 2, 1, 8),
(274, 25, '58', 2, 1, 8),
(275, 26, '65', 2, 1, 8),
(276, 27, 'К сожалению преподаватель не может заинтересовать студентов. на паре обычно всего 2 - 3 человека занимаются программированием, а остальные или разговаривают, или спят.\r\nНо если вы заинтересованы в предмете, то лекции проходят очень интересно', 2, 1, 8),
(277, 28, '69', 2, 1, 8),
(278, 18, '29', 1, 0, 9),
(279, 19, '34', 1, 0, 9),
(280, 20, '37', 1, 0, 9),
(281, 21, '44', 1, 0, 9),
(282, 22, '48', 1, 0, 9),
(283, 24, '57', 1, 0, 9),
(284, 26, '62', 1, 0, 9),
(285, 27, '', 1, 0, 9),
(286, 28, '69', 1, 0, 9),
(287, 29, '70', 1, 0, 9),
(288, 18, '27', 2, 1, 9),
(289, 19, '33', 2, 1, 9),
(290, 20, '38', 2, 1, 9),
(291, 21, '42', 2, 1, 9),
(292, 22, '46', 2, 1, 9),
(293, 23, '52', 2, 1, 9),
(294, 25, '60', 2, 1, 9),
(295, 26, '64', 2, 1, 9),
(296, 27, '', 2, 1, 9),
(297, 28, '69', 2, 1, 9),
(298, 18, '30', 1, 0, 10),
(299, 19, '35', 1, 0, 10),
(300, 20, '40', 1, 0, 10),
(301, 21, '45', 1, 0, 10),
(302, 22, '50', 1, 0, 10),
(303, 24, '57', 1, 0, 10),
(304, 26, '62', 1, 0, 10),
(305, 27, '', 1, 0, 10),
(306, 28, '69', 1, 0, 10),
(307, 29, '72', 1, 0, 10),
(308, 18, '28', 2, 1, 10),
(309, 19, '34', 2, 1, 10),
(310, 20, '36', 2, 1, 10),
(311, 21, '42', 2, 1, 10),
(312, 22, '48', 2, 1, 10),
(313, 23, '52', 2, 1, 10),
(314, 25, '58', 2, 1, 10),
(315, 26, '65', 2, 1, 10),
(316, 27, '', 2, 1, 10),
(317, 28, '69', 2, 1, 10),
(318, 18, '29', 1, 0, 11),
(319, 19, '33', 1, 0, 11),
(320, 20, '37', 1, 0, 11),
(321, 21, '42', 1, 0, 11),
(322, 22, '49', 1, 0, 11),
(323, 24, '57', 1, 0, 11),
(324, 26, '63', 1, 0, 11),
(325, 27, '', 1, 0, 11),
(326, 28, '69', 1, 0, 11),
(327, 29, '71', 1, 0, 11),
(328, 18, '29', 2, 1, 11),
(329, 19, '34', 2, 1, 11),
(330, 20, '37', 2, 1, 11),
(331, 21, '42', 2, 1, 11),
(332, 22, '47', 2, 1, 11),
(333, 23, '53', 2, 1, 11),
(334, 25, '60', 2, 1, 11),
(335, 26, '64', 2, 1, 11),
(336, 27, '', 2, 1, 11),
(337, 28, '69', 2, 1, 11),
(338, 18, '28', 1, 0, 12),
(339, 19, '32', 1, 0, 12),
(340, 20, '39', 1, 0, 12),
(341, 21, '43', 1, 0, 12),
(342, 22, '47', 1, 0, 12),
(343, 24, '57', 1, 0, 12),
(344, 26, '62', 1, 0, 12),
(345, 27, '', 1, 0, 12),
(346, 28, '69', 1, 0, 12),
(347, 29, '73', 1, 0, 12),
(348, 18, '26', 2, 1, 12),
(349, 19, '32', 2, 1, 12),
(350, 20, '37', 2, 1, 12),
(351, 21, '41', 2, 1, 12),
(352, 22, '46', 2, 1, 12),
(353, 23, '52', 2, 1, 12),
(354, 25, '58', 2, 1, 12),
(355, 26, '64', 2, 1, 12),
(356, 27, 'Советую Ивану Мацуровичу поменьше стесняться)', 2, 1, 12),
(357, 28, '69', 2, 1, 12),
(358, 18, '28', 1, 0, 13),
(359, 19, '32', 1, 0, 13),
(360, 20, '37', 1, 0, 13),
(361, 21, '42', 1, 0, 13),
(362, 22, '47', 1, 0, 13),
(363, 24, '57', 1, 0, 13),
(364, 26, '63', 1, 0, 13),
(365, 27, '', 1, 0, 13),
(366, 28, '69', 1, 0, 13),
(367, 29, '73', 1, 0, 13),
(368, 18, '27', 2, 1, 13),
(369, 19, '32', 2, 1, 13),
(370, 20, '38', 2, 1, 13),
(371, 21, '42', 2, 1, 13),
(372, 22, '47', 2, 1, 13),
(373, 23, '52', 2, 1, 13),
(374, 25, '59', 2, 1, 13),
(375, 26, '64', 2, 1, 13),
(376, 27, '', 2, 1, 13),
(377, 28, '69', 2, 1, 13),
(378, 18, '30', 1, 0, 14),
(379, 19, '34', 1, 0, 14),
(380, 20, '40', 1, 0, 14),
(381, 21, '43', 1, 0, 14),
(382, 22, '48', 1, 0, 14),
(383, 24, '57', 1, 0, 14),
(384, 26, '62', 1, 0, 14),
(385, 27, 'Мне не нравятся пары не интересно не понятно не доступно\r\n', 1, 0, 14),
(386, 28, '69', 1, 0, 14),
(387, 29, '72', 1, 0, 14),
(388, 18, '27', 2, 1, 14),
(389, 19, '32', 2, 1, 14),
(390, 20, '37', 2, 1, 14),
(391, 21, '41', 2, 1, 14),
(392, 22, '46', 2, 1, 14),
(393, 23, '53', 2, 1, 14),
(394, 25, '58', 2, 1, 14),
(395, 26, '64', 2, 1, 14),
(396, 27, 'Доступно объяснит и найдет для тебя время ', 2, 1, 14),
(397, 28, '69', 2, 1, 14),
(398, 18, '30', 1, 0, 15),
(399, 19, '33', 1, 0, 15),
(400, 20, '37', 1, 0, 15),
(401, 21, '42', 1, 0, 15),
(402, 22, '48', 1, 0, 15),
(403, 24, '57', 1, 0, 15),
(404, 26, '63', 1, 0, 15),
(405, 27, '', 1, 0, 15),
(406, 28, '69', 1, 0, 15),
(407, 29, '71', 1, 0, 15),
(408, 18, '29', 1, 1, 15),
(409, 19, '33', 1, 1, 15),
(410, 20, '37', 1, 1, 15),
(411, 21, '41', 1, 1, 15),
(412, 22, '47', 1, 1, 15),
(413, 23, '53', 1, 1, 15),
(414, 25, '60', 1, 1, 15),
(415, 26, '62', 1, 1, 15),
(416, 27, '', 1, 1, 15),
(417, 28, '69', 1, 1, 15),
(418, 18, '28', 1, 0, 16),
(419, 19, '32', 1, 0, 16),
(420, 20, '37', 1, 0, 16),
(421, 21, '42', 1, 0, 16),
(422, 22, '47', 1, 0, 16),
(423, 24, '56', 1, 0, 16),
(424, 26, '64', 1, 0, 16),
(425, 27, '', 1, 0, 16),
(426, 28, '69', 1, 0, 16),
(427, 29, '72', 1, 0, 16),
(428, 18, '26', 2, 1, 16),
(429, 19, '31', 2, 1, 16),
(430, 20, '37', 2, 1, 16),
(431, 21, '41', 2, 1, 16),
(432, 22, '46', 2, 1, 16),
(433, 23, '53', 2, 1, 16),
(434, 25, '58', 2, 1, 16),
(435, 26, '65', 2, 1, 16),
(436, 27, '', 2, 1, 16),
(437, 28, '69', 2, 1, 16),
(438, 18, '26', 1, 0, 17),
(439, 19, '31', 1, 0, 17),
(440, 20, '36', 1, 0, 17),
(441, 21, '41', 1, 0, 17),
(442, 22, '46', 1, 0, 17),
(443, 24, '57', 1, 0, 17),
(444, 26, '64', 1, 0, 17),
(445, 27, '', 1, 0, 17),
(446, 28, '69', 1, 0, 17),
(447, 29, '70', 1, 0, 17),
(448, 18, '26', 1, 1, 17),
(449, 19, '31', 1, 1, 17),
(450, 20, '36', 1, 1, 17),
(451, 21, '41', 1, 1, 17),
(452, 22, '46', 1, 1, 17),
(453, 23, '53', 1, 1, 17),
(454, 25, '59', 1, 1, 17),
(455, 26, '64', 1, 1, 17),
(456, 27, '', 1, 1, 17),
(457, 28, '69', 1, 1, 17),
(458, 18, '29', 1, 0, 18),
(459, 19, '34', 1, 0, 18),
(460, 20, '36', 1, 0, 18),
(461, 21, '44', 1, 0, 18),
(462, 22, '48', 1, 0, 18),
(463, 24, '56', 1, 0, 18),
(464, 26, '63', 1, 0, 18),
(465, 27, '', 1, 0, 18),
(466, 28, '69', 1, 0, 18),
(467, 29, '72', 1, 0, 18),
(468, 18, '27', 2, 1, 18),
(469, 19, '34', 2, 1, 18),
(470, 20, '38', 2, 1, 18),
(471, 21, '42', 2, 1, 18),
(472, 22, '48', 2, 1, 18),
(473, 23, '53', 2, 1, 18),
(474, 25, '58', 2, 1, 18),
(475, 26, '63', 2, 1, 18),
(476, 27, '', 2, 1, 18),
(477, 28, '69', 2, 1, 18),
(478, 18, '28', 1, 0, 19),
(479, 19, '33', 1, 0, 19),
(480, 20, '38', 1, 0, 19),
(481, 21, '42', 1, 0, 19),
(482, 22, '48', 1, 0, 19),
(483, 24, '56', 1, 0, 19),
(484, 26, '64', 1, 0, 19),
(485, 27, '', 1, 0, 19),
(486, 28, '68', 1, 0, 19),
(487, 29, '70', 1, 0, 19),
(488, 18, '28', 2, 1, 19),
(489, 19, '34', 2, 1, 19),
(490, 20, '38', 2, 1, 19),
(491, 21, '42', 2, 1, 19),
(492, 22, '47', 2, 1, 19),
(493, 23, '52', 2, 1, 19),
(494, 25, '60', 2, 1, 19),
(495, 26, '63', 2, 1, 19),
(496, 27, '', 2, 1, 19),
(497, 28, '68', 2, 1, 19),
(498, 18, '27', 1, 0, 20),
(499, 19, '32', 1, 0, 20),
(500, 20, '36', 1, 0, 20),
(501, 21, '43', 1, 0, 20),
(502, 22, '47', 1, 0, 20),
(503, 24, '57', 1, 0, 20),
(504, 26, '64', 1, 0, 20),
(505, 27, '', 1, 0, 20),
(506, 28, '69', 1, 0, 20),
(507, 29, '72', 1, 0, 20),
(508, 18, '27', 2, 1, 20),
(509, 19, '32', 2, 1, 20),
(510, 20, '36', 2, 1, 20),
(511, 21, '41', 2, 1, 20),
(512, 22, '46', 2, 1, 20),
(513, 23, '52', 2, 1, 20),
(514, 25, '59', 2, 1, 20),
(515, 26, '65', 2, 1, 20),
(516, 27, '', 2, 1, 20),
(517, 28, '69', 2, 1, 20),
(518, 18, '29', 1, 0, 21),
(519, 19, '34', 1, 0, 21),
(520, 20, '38', 1, 0, 21),
(521, 21, '45', 1, 0, 21),
(522, 22, '47', 1, 0, 21),
(523, 24, '57', 1, 0, 21),
(524, 26, '62', 1, 0, 21),
(525, 27, '', 1, 0, 21),
(526, 28, '68', 1, 0, 21),
(527, 29, '73', 1, 0, 21),
(528, 18, '30', 1, 1, 21),
(529, 19, '35', 1, 1, 21),
(530, 20, '40', 1, 1, 21),
(531, 21, '45', 1, 1, 21),
(532, 22, '47', 1, 1, 21),
(533, 25, '61', 1, 1, 21),
(534, 26, '62', 1, 1, 21),
(535, 27, '', 1, 1, 21),
(536, 28, '67', 1, 1, 21),
(537, 18, '29', 1, 0, 22),
(538, 19, '33', 1, 0, 22),
(539, 20, '36', 1, 0, 22),
(540, 21, '45', 1, 0, 22),
(541, 22, '49', 1, 0, 22),
(542, 24, '57', 1, 0, 22),
(543, 26, '62', 1, 0, 22),
(544, 27, '', 1, 0, 22),
(545, 28, '69', 1, 0, 22),
(546, 29, '73', 1, 0, 22),
(547, 18, '29', 2, 1, 22),
(548, 19, '34', 2, 1, 22),
(549, 20, '40', 2, 1, 22),
(550, 21, '42', 2, 1, 22),
(551, 22, '48', 2, 1, 22),
(552, 23, '53', 2, 1, 22),
(553, 25, '60', 2, 1, 22),
(554, 26, '62', 2, 1, 22),
(555, 27, '', 2, 1, 22),
(556, 28, '68', 2, 1, 22),
(557, 18, '27', 1, 0, 23),
(558, 19, '31', 1, 0, 23),
(559, 20, '36', 1, 0, 23),
(560, 21, '41', 1, 0, 23),
(561, 22, '46', 1, 0, 23),
(562, 24, '56', 1, 0, 23),
(563, 26, '64', 1, 0, 23),
(564, 27, 'Вполне логичный и правильно изложенный курс, все четко и ясно.', 1, 0, 23),
(565, 28, '66', 1, 0, 23),
(566, 29, '70', 1, 0, 23),
(567, 18, '26', 1, 1, 23),
(568, 19, '31', 1, 1, 23),
(569, 20, '36', 1, 1, 23),
(570, 21, '41', 1, 1, 23),
(571, 22, '46', 1, 1, 23),
(572, 23, '53', 1, 1, 23),
(573, 25, '58', 1, 1, 23),
(574, 26, '65', 1, 1, 23),
(575, 27, '', 1, 1, 23),
(576, 28, '66', 1, 1, 23),
(577, 18, '30', 1, 0, 24),
(578, 19, '34', 1, 0, 24),
(579, 20, '40', 1, 0, 24),
(580, 21, '43', 1, 0, 24),
(581, 22, '49', 1, 0, 24),
(582, 24, '56', 1, 0, 24),
(583, 26, '62', 1, 0, 24),
(584, 27, '', 1, 0, 24),
(585, 28, '69', 1, 0, 24),
(586, 29, '70', 1, 0, 24),
(587, 18, '27', 2, 1, 24),
(588, 19, '33', 2, 1, 24),
(589, 20, '38', 2, 1, 24),
(590, 21, '42', 2, 1, 24),
(591, 22, '46', 2, 1, 24),
(592, 23, '53', 2, 1, 24),
(593, 25, '58', 2, 1, 24),
(594, 26, '63', 2, 1, 24),
(595, 27, '', 2, 1, 24),
(596, 28, '68', 2, 1, 24),
(597, 18, '26', 1, 0, 25),
(598, 19, '31', 1, 0, 25),
(599, 20, '39', 1, 0, 25),
(600, 21, '41', 1, 0, 25),
(601, 22, '46', 1, 0, 25),
(602, 24, '56', 1, 0, 25),
(603, 26, '64', 1, 0, 25),
(604, 27, '', 1, 0, 25),
(605, 28, '69', 1, 0, 25),
(606, 29, '72', 1, 0, 25),
(607, 18, '29', 2, 1, 25),
(608, 19, '34', 2, 1, 25),
(609, 20, '39', 2, 1, 25),
(610, 21, '42', 2, 1, 25),
(611, 22, '48', 2, 1, 25),
(612, 23, '53', 2, 1, 25),
(613, 25, '60', 2, 1, 25),
(614, 26, '62', 2, 1, 25),
(615, 27, '', 2, 1, 25),
(616, 28, '69', 2, 1, 25),
(617, 18, '29', 1, 0, 26),
(618, 19, '34', 1, 0, 26),
(619, 20, '39', 1, 0, 26),
(620, 21, '43', 1, 0, 26),
(621, 22, '47', 1, 0, 26),
(622, 24, '55', 1, 0, 26),
(623, 26, '62', 1, 0, 26),
(624, 27, '', 1, 0, 26),
(625, 28, '69', 1, 0, 26),
(626, 29, '70', 1, 0, 26),
(627, 18, '30', 1, 1, 26),
(628, 19, '35', 1, 1, 26),
(629, 20, '40', 1, 1, 26),
(630, 21, '43', 1, 1, 26),
(631, 22, '46', 1, 1, 26),
(632, 23, '51', 1, 1, 26),
(633, 25, '61', 1, 1, 26),
(634, 26, '62', 1, 1, 26),
(635, 27, '', 1, 1, 26),
(636, 28, '69', 1, 1, 26),
(637, 18, '29', 1, 0, 27),
(638, 19, '33', 1, 0, 27),
(639, 20, '37', 1, 0, 27),
(640, 21, '43', 1, 0, 27),
(641, 22, '47', 1, 0, 27),
(642, 24, '57', 1, 0, 27),
(643, 26, '63', 1, 0, 27),
(644, 27, '', 1, 0, 27),
(645, 28, '69', 1, 0, 27),
(646, 29, '70', 1, 0, 27),
(647, 18, '27', 2, 1, 27),
(648, 19, '33', 2, 1, 27),
(649, 20, '38', 2, 1, 27),
(650, 21, '41', 2, 1, 27),
(651, 22, '46', 2, 1, 27),
(652, 23, '53', 2, 1, 27),
(653, 25, '58', 2, 1, 27),
(654, 26, '64', 2, 1, 27),
(655, 27, '', 2, 1, 27),
(656, 28, '69', 2, 1, 27),
(657, 18, '28', 1, 0, 28),
(658, 19, '34', 1, 0, 28),
(659, 20, '39', 1, 0, 28),
(660, 21, '43', 1, 0, 28),
(661, 22, '48', 1, 0, 28),
(662, 24, '56', 1, 0, 28),
(663, 26, '63', 1, 0, 28),
(664, 27, '', 1, 0, 28),
(665, 28, '67', 1, 0, 28),
(666, 29, '70', 1, 0, 28),
(667, 18, '28', 1, 1, 28),
(668, 19, '34', 1, 1, 28),
(669, 20, '39', 1, 1, 28),
(670, 21, '43', 1, 1, 28),
(671, 22, '48', 1, 1, 28),
(672, 23, '53', 1, 1, 28),
(673, 25, '60', 1, 1, 28),
(674, 26, '63', 1, 1, 28),
(675, 27, '', 1, 1, 28),
(676, 28, '68', 1, 1, 28),
(677, 18, '26', 1, 0, 29),
(678, 19, '31', 1, 0, 29),
(679, 20, '36', 1, 0, 29),
(680, 21, '41', 1, 0, 29),
(681, 22, '46', 1, 0, 29),
(682, 24, '56', 1, 0, 29),
(683, 26, '65', 1, 0, 29),
(684, 27, '', 1, 0, 29),
(685, 28, '69', 1, 0, 29),
(686, 29, '70', 1, 0, 29),
(687, 18, '26', 2, 1, 29),
(688, 19, '31', 2, 1, 29),
(689, 20, '36', 2, 1, 29),
(690, 21, '41', 2, 1, 29),
(691, 22, '46', 2, 1, 29),
(692, 23, '53', 2, 1, 29),
(693, 25, '58', 2, 1, 29),
(694, 26, '65', 2, 1, 29),
(695, 27, '', 2, 1, 29),
(696, 28, '69', 2, 1, 29),
(697, 18, '29', 1, 0, 30),
(698, 19, '34', 1, 0, 30),
(699, 20, '38', 1, 0, 30),
(700, 21, '43', 1, 0, 30),
(701, 22, '49', 1, 0, 30),
(702, 24, '55', 1, 0, 30),
(703, 26, '63', 1, 0, 30),
(704, 27, '', 1, 0, 30),
(705, 28, '69', 1, 0, 30),
(706, 29, '70', 1, 0, 30),
(707, 18, '28', 1, 1, 30),
(708, 19, '34', 1, 1, 30),
(709, 20, '39', 1, 1, 30),
(710, 21, '43', 1, 1, 30),
(711, 22, '48', 1, 1, 30),
(712, 23, '53', 1, 1, 30),
(713, 25, '60', 1, 1, 30),
(714, 26, '63', 1, 1, 30),
(715, 27, '', 1, 1, 30),
(716, 28, '69', 1, 1, 30),
(717, 18, '27', 1, 0, 31),
(718, 19, '33', 1, 0, 31),
(719, 20, '38', 1, 0, 31),
(720, 21, '42', 1, 0, 31),
(721, 22, '48', 1, 0, 31),
(722, 24, '56', 1, 0, 31),
(723, 26, '63', 1, 0, 31),
(724, 27, '', 1, 0, 31),
(725, 28, '69', 1, 0, 31),
(726, 29, '70', 1, 0, 31),
(727, 18, '27', 1, 1, 31),
(728, 19, '33', 1, 1, 31),
(729, 20, '39', 1, 1, 31),
(730, 21, '42', 1, 1, 31),
(731, 22, '48', 1, 1, 31),
(732, 23, '53', 1, 1, 31),
(733, 25, '60', 1, 1, 31),
(734, 26, '63', 1, 1, 31),
(735, 27, '', 1, 1, 31),
(736, 28, '69', 1, 1, 31),
(737, 18, '29', 1, 0, 32),
(738, 19, '33', 1, 0, 32),
(739, 20, '40', 1, 0, 32),
(740, 21, '44', 1, 0, 32),
(741, 22, '48', 1, 0, 32),
(742, 24, '57', 1, 0, 32),
(743, 26, '63', 1, 0, 32),
(744, 27, '', 1, 0, 32),
(745, 28, '68', 1, 0, 32),
(746, 29, '72', 1, 0, 32),
(747, 18, '29', 1, 1, 32),
(748, 19, '33', 1, 1, 32),
(749, 20, '39', 1, 1, 32),
(750, 21, '45', 1, 1, 32),
(751, 22, '48', 1, 1, 32),
(752, 23, '52', 1, 1, 32),
(753, 25, '61', 1, 1, 32),
(754, 26, '62', 1, 1, 32),
(755, 27, '', 1, 1, 32),
(756, 28, '68', 1, 1, 32);

-- --------------------------------------------------------

--
-- Структура таблицы `answer_names`
--

CREATE TABLE IF NOT EXISTS `answer_names` (
  `id` int(11) NOT NULL AUTO_INCREMENT,
  `id_of_question` int(11) NOT NULL,
  `answer` text NOT NULL,
  PRIMARY KEY (`id`)
) ENGINE=InnoDB  DEFAULT CHARSET=utf8 AUTO_INCREMENT=74 ;

--
-- Дамп данных таблицы `answer_names`
--

INSERT INTO `answer_names` (`id`, `id_of_question`, `answer`) VALUES
(26, 18, 'Полностью согласен'),
(27, 18, 'Согласен'),
(28, 18, 'Затрудняюсь ответить'),
(29, 18, 'Не согласен'),
(30, 18, 'Полностью не согласен'),
(31, 19, 'Полностью согласен'),
(32, 19, 'Согласен'),
(33, 19, 'Затрудняюсь ответить'),
(34, 19, 'Не согласен'),
(35, 19, 'Полностью не согласен'),
(36, 20, 'Полностью согласен'),
(37, 20, 'Согласен'),
(38, 20, 'Затрудняюсь ответить'),
(39, 20, 'Не согласен'),
(40, 20, 'Полностью не согласен'),
(41, 21, 'Полностью согласен'),
(42, 21, 'Согласен'),
(43, 21, 'Затрудняюсь ответить'),
(44, 21, 'Не согласен'),
(45, 21, 'Полностью не согласен'),
(46, 22, 'Полностью согласен'),
(47, 22, 'Согласен'),
(48, 22, 'Затрудняюсь ответить'),
(49, 22, 'Не согласен'),
(50, 22, 'Полностью не согласен'),
(51, 23, 'На качество выполнения преподаватель практически не смотрел'),
(52, 23, 'Иногда получалось сдавать не совсем качественное решение и это сходило мне с рук'),
(53, 23, 'Преподаватель объяснял и требовал исправить все существенные недостатки'),
(54, 23, 'Преподаватель чрезмерно придирался, требуя исправить даже самые несущественные недостатки'),
(55, 24, 'Слишком медленно для меня'),
(56, 24, 'Оптимальная — я успеваю за лектором'),
(57, 24, 'Слишком быстро — я не успеваю воспринимать материал'),
(58, 25, 'Интересны и полезны'),
(59, 25, 'Интересны, но бесполезны'),
(60, 25, 'Скучны, но, кажется, полезны'),
(61, 25, 'Скучны и бесполезны'),
(62, 26, 'Точно нет'),
(63, 26, 'Скорее нет'),
(64, 26, 'Скорее да'),
(65, 26, 'Определенно да'),
(66, 28, 'Почти всегда'),
(67, 28, 'Часто'),
(68, 28, 'Редко'),
(69, 28, 'Почти никогда'),
(70, 29, '5'),
(71, 29, '4'),
(72, 29, '3'),
(73, 29, 'Не сдал/не допущен');

-- --------------------------------------------------------

--
-- Структура таблицы `codes`
--

CREATE TABLE IF NOT EXISTS `codes` (
  `id` int(11) NOT NULL AUTO_INCREMENT,
  `code` tinytext NOT NULL,
  `lect_id` int(11) NOT NULL,
  `pract_id` int(11) NOT NULL,
  PRIMARY KEY (`id`)
) ENGINE=InnoDB  DEFAULT CHARSET=utf8 AUTO_INCREMENT=69 ;

--
-- Дамп данных таблицы `codes`
--

INSERT INTO `codes` (`id`, `code`, `lect_id`, `pract_id`) VALUES
(9, 'D0072-1A075', 1, 2),
(10, 'FFD1E-5BB84', 1, 2),
(12, '7B0AD-D7F77', 1, 2),
(14, 'CD5F7-2006E', 1, 2),
(16, 'E36A8-FCEBC', 1, 2),
(20, '8A7F6-80364', 1, 2),
(23, 'D2799-75F18', 1, 2),
(29, '97582-318C2', 1, 2),
(30, '95B55-9E301', 1, 2),
(31, '3367D-507FC', 1, 2),
(32, 'B340E-ADE9A', 1, 2),
(33, '81341-27D3B', 1, 2),
(34, 'A4FD6-8FCEE', 1, 2),
(35, '8279B-CCC80', 1, 2),
(36, '6B1C2-5C733', 1, 2),
(37, 'FCE6F-CC72E', 1, 2),
(38, '06010-F9319', 1, 2),
(39, '04688-70C11', 1, 2),
(41, 'D7AD9-5AB7B', 1, 2),
(44, '22F35-2D1E2', 1, 2),
(47, 'D6F75-BD49F', 1, 2),
(48, '93F4D-BA6FE', 1, 2),
(49, '7D09B-921F5', 1, 2),
(51, '77FE1-CF850', 1, 2),
(54, '3FC7E-80B39', 1, 1),
(57, '21F7B-01928', 1, 1),
(62, 'E3C69-0EB31', 1, 1),
(65, '5C8BB-49B51', 1, 1),
(66, '00FE7-B46E9', 1, 1),
(68, 'qweqwe', 1, 2);

-- --------------------------------------------------------

--
-- Структура таблицы `professors`
--

CREATE TABLE IF NOT EXISTS `professors` (
  `id` int(11) NOT NULL AUTO_INCREMENT,
  `name` text NOT NULL,
  `discipline` text NOT NULL,
  PRIMARY KEY (`id`)
) ENGINE=InnoDB  DEFAULT CHARSET=utf8 AUTO_INCREMENT=3 ;

--
-- Дамп данных таблицы `professors`
--

INSERT INTO `professors` (`id`, `name`, `discipline`) VALUES
(1, 'Вахрушев Виктор Алексеевич', 'Языки и технологии программирования'),
(2, 'Загидулин Иван Мацурович', 'Языки и технологии программирования');

-- --------------------------------------------------------

--
-- Структура таблицы `questions`
--

CREATE TABLE IF NOT EXISTS `questions` (
  `id` int(11) NOT NULL AUTO_INCREMENT,
  `question` text NOT NULL,
  `type` int(11) NOT NULL,
  `owner` int(11) NOT NULL,
  `q_to` int(11) NOT NULL,
  PRIMARY KEY (`id`)
) ENGINE=InnoDB  DEFAULT CHARSET=utf8 AUTO_INCREMENT=30 ;

--
-- Дамп данных таблицы `questions`
--

INSERT INTO `questions` (`id`, `question`, `type`, `owner`, `q_to`) VALUES
(18, 'Преподаватель излагает материал ясно, доступно.', 2, 0, 2),
(19, 'Преподаватель умеет вызвать и поддержать интерес аудитории к предмету.', 2, 0, 2),
(20, 'Преподаватель задаёт вопросы, побуждает к дискуссии.', 2, 0, 2),
(21, 'Преподаватель заинтересован в успехах студентов (отвечает на вопросы, помогает разобрать сложные места, даёт обратную связь по выполненным заданиям).', 2, 0, 2),
(22, 'Преподаватель компетентен в том, о чём рассказывает на занятиях.', 2, 0, 2),
(23, 'Требовательность преподавателя к выполнению практических задач', 1, 0, 1),
(24, 'Скорость лекций', 1, 0, 0),
(25, 'Интересность и полезность задач на практических занятиях', 1, 0, 1),
(26, 'Хотели бы вы встретиться с этим преподавателем ещё раз при чтении других курсов или в качестве научного руководителя?', 2, 0, 2),
(27, 'Если вы хотите оставить какой-либо отзыв о курсе или о работе преподавателя, то напишите его здесь. Отзывы не попадают в публикуемую часть опроса.', 0, 0, 2),
(28, 'Как часто вы пропускали пары?', 2, 0, 2),
(29, 'Какую оценку вы получили за экзамен?', 2, 0, 0);

/*!40101 SET CHARACTER_SET_CLIENT=@OLD_CHARACTER_SET_CLIENT */;
/*!40101 SET CHARACTER_SET_RESULTS=@OLD_CHARACTER_SET_RESULTS */;
/*!40101 SET COLLATION_CONNECTION=@OLD_COLLATION_CONNECTION */;
